<PAMDataset>
  <Metadata>
    <MDI key="DataType">Thematic</MDI>
  </Metadata>
  <Metadata domain="Esri">
    <MDI key="PyramidResamplingType">NEAREST</MDI>
  </Metadata>
  <PAMRasterBand band="1">
    <Histograms>
      <HistItem>
        <HistMin>-0.5</HistMin>
        <HistMax>95.5</HistMax>
        <BucketCount>96</BucketCount>
        <IncludeOutOfRange>1</IncludeOutOfRange>
        <Approximate>0</Approximate>
        <HistCounts>5625330|0|0|0|0|0|0|0|0|0|0|1763837|0|0|0|0|0|0|0|0|0|717594|189185|115451|9579|0|0|0|0|0|0|665325|0|0|0|0|0|0|0|0|0|231|1296855|1374800|0|0|0|0|0|0|0|0|5692433|0|0|0|0|0|0|0|0|0|0|0|0|0|0|0|0|0|0|3561779|0|0|0|0|0|0|0|0|0|200145|823220|0|0|0|0|0|0|0|58177|0|0|0|0|52687</HistCounts>
      </HistItem>
    </Histograms>
    <GDALRasterAttributeTable>
      <FieldDefn index="0">
        <Name>OID</Name>
        <Type>0</Type>
        <Usage>0</Usage>
      </FieldDefn>
      <FieldDefn index="1">
        <Name>Value</Name>
        <Type>0</Type>
        <Usage>0</Usage>
      </FieldDefn>
      <FieldDefn index="2">
        <Name>Count</Name>
        <Type>1</Type>
        <Usage>0</Usage>
      </FieldDefn>
      <Row index="0">
        <F>0</F>
        <F>0</F>
        <F>7854240512</F>
      </Row>
      <Row index="1">
        <F>1</F>
        <F>11</F>
        <F>469012527</F>
      </Row>
      <Row index="2">
        <F>2</F>
        <F>12</F>
        <F>1599206</F>
      </Row>
      <Row index="3">
        <F>3</F>
        <F>21</F>
        <F>292251633</F>
      </Row>
      <Row index="4">
        <F>4</F>
        <F>22</F>
        <F>131633826</F>
      </Row>
      <Row index="5">
        <F>5</F>
        <F>23</F>
        <F>59456652</F>
      </Row>
      <Row index="6">
        <F>6</F>
        <F>24</F>
        <F>21426522</F>
      </Row>
      <Row index="7">
        <F>7</F>
        <F>31</F>
        <F>110507264</F>
      </Row>
      <Row index="8">
        <F>8</F>
        <F>41</F>
        <F>973617734</F>
      </Row>
      <Row index="9">
        <F>9</F>
        <F>42</F>
        <F>1037912310</F>
      </Row>
      <Row index="10">
        <F>10</F>
        <F>43</F>
        <F>179845520</F>
      </Row>
      <Row index="11">
        <F>11</F>
        <F>52</F>
        <F>1940362409</F>
      </Row>
      <Row index="12">
        <F>12</F>
        <F>71</F>
        <F>1306961628</F>
      </Row>
      <Row index="13">
        <F>13</F>
        <F>81</F>
        <F>597234572</F>
      </Row>
      <Row index="14">
        <F>14</F>
        <F>82</F>
        <F>1392218141</F>
      </Row>
      <Row index="15">
        <F>15</F>
        <F>90</F>
        <F>347144473</F>
      </Row>
      <Row index="16">
        <F>16</F>
        <F>95</F>
        <F>116679631</F>
      </Row>
    </GDALRasterAttributeTable>
    <Metadata>
      <MDI key="RepresentationType">THEMATIC</MDI>
      <MDI key="STATISTICS_MINIMUM">0</MDI>
      <MDI key="STATISTICS_MAXIMUM">95</MDI>
      <MDI key="STATISTICS_MEAN">36.962181375874</MDI>
      <MDI key="STATISTICS_STDDEV">27.740945745913</MDI>
      <MDI key="STATISTICS_COVARIANCES">769.560070877713</MDI>
    </Metadata>
  </PAMRasterBand>
</PAMDataset>
