<?xml version="1.0" encoding="ISO-8859-1"?>
<!DOCTYPE metadata SYSTEM "http://www.fgdc.gov/metadata/fgdc-std-001-1998.dtd">
<metadata>
	<idinfo>
		<citation>
			<citeinfo>
				<origin>Santa Barbara County, Public Works Department, Surveyor Division</origin>
				<pubdate>11/29/2010</pubdate>
				<pubtime>11:27 am</pubtime>
				<title Sync="TRUE">city_boundary_no_ocean</title>
				<geoform Sync="TRUE">vector digital data</geoform>
				<pubinfo>
				</pubinfo>
				<onlink>\\pw01\pw$\Group\SURVEY\SIS\DATA\Districts\Districts.mdb</onlink>
				<onlink>http://www.countyofsb.org/pwd/pwsurveyor.aspx?id=5118</onlink>
				<ftname Sync="TRUE">city_boundary_no_ocean</ftname></citeinfo>
		</citation>
		<descript>
			<abstract>A graphical representation of the compiled boundary or the sphere-of-influence for an incorporated city.</abstract>
			<purpose>The shapefile was created to provide a spatial reference for boundary information. It is a graphical depiction for reference only. The records that define the boundary are described in the supplementary information section.</purpose>
			<supplinf>Resolutions, exhibit maps and legal descriptions for annexation, detachment, exclusion and sphere of influence actions were compiled from incorporated cities, the Local Agency Formation Commission (LAFCO), the County Surveyor, the Clerk of the Board of Supervisors, and the County Recorder.
For the compiled boundary, annexations were merged to the formation in chronological order, whereas detachments were clipped out. "Cities.shp" includes the ocean extents for some cities, whereas "cities_no_ocean.shp" does not.</supplinf>
			<langdata Sync="TRUE">en</langdata></descript>
		<timeperd>
			<timeinfo>
				<rngdates>
					<begdate>8/9/1855</begdate>
					<begtime>unknown</begtime>
					<enddate>11/26/2010</enddate>
					<endtime>11:27 am</endtime>
				</rngdates>
			</timeinfo>
			<current>publication date</current>
		</timeperd>
		<status>
			<progress>Complete</progress>
			<update>As needed</update>
		</status>
		<spdom>
			<bounding>
				<westbc Sync="TRUE">-120.592150</westbc>
				<eastbc Sync="TRUE">-119.479196</eastbc>
				<northbc Sync="TRUE">35.005050</northbc>
				<southbc Sync="TRUE">34.330312</southbc>
			</bounding>
			<lboundng><leftbc Sync="TRUE">5785328.389527</leftbc><rightbc Sync="TRUE">6115203.144147</rightbc><bottombc Sync="TRUE">1952520.779290</bottombc><topbc Sync="TRUE">2191458.493670</topbc></lboundng></spdom>
		<keywords>
			<theme>
				<themekt>Santa Barbara County Local Agency Formation Commission (LAFCO)</themekt>
				<themekey>Incorporated City</themekey>
				<themekey>Municipality</themekey>
				<themekey>Boundary</themekey>
				<themekey>Annexation</themekey>
				<themekey>Detachment</themekey>
			</theme>
			<place>
				<placekt>Getty Thesaurus</placekt>
				<placekey>Santa Barbara County</placekey>
				<placekey>Buellton</placekey>
				<placekey>Carpinteria</placekey>
				<placekey>Goleta</placekey>
				<placekey>Guadalupe</placekey>
				<placekey>Lompoc</placekey>
				<placekey>Santa Barbara</placekey>
				<placekey>Santa Maria</placekey>
				<placekey>Solvang</placekey>
			</place>
		</keywords>
		<accconst>It is public information and is available upon request.</accconst>
		<useconst>While every effort has been made to ensure that this data is complete and reliable, the Office of the County Surveyor does not assume liability for any damages caused by any errors or omissions in the data, nor as a result of improper use of the dataset.  The dataset is not intended to obtain coordinate values, distances or bearings.</useconst>
		<ptcontac>
			<cntinfo>
				<cntorgp>
					<cntorg>Santa Barbara County, Public Works Department, Surveyor Division</cntorg>
					<cntper>Adrian Foster</cntper>
				</cntorgp>
				<cntpos>GIS Technician</cntpos>
				<cntaddr>
					<addrtype>mailing address</addrtype>
					<address>123 East Anapamu Street Stop 1</address>
					<city>Santa Barbara</city>
					<state>CA</state>
					<postal>93101-2097</postal>
					<country>USA</country>
				</cntaddr>
				<cntvoice>805-568-3020</cntvoice>
				<cntfax>805-568-3318</cntfax>
				<cntemail>afoster@cosbpw.net</cntemail>
				<hours>8 am - Noon, Pacific Time</hours>
				<cntinst>Ask for GIS</cntinst>
			</cntinfo>
		</ptcontac>
		<browse>
			<browsen>http://www.countyofsb.org/uploadedImages/pwd/Surveyor/cities.jpg</browsen>
			<browsed>Cities</browsed>
			<browset>JPEG</browset>
		</browse>
		<datacred>Santa Barbara County, Public Works Department, Surveyor Division</datacred>
		<secinfo>
			<secclass>Unclassified</secclass>
		</secinfo>
		<native Sync="TRUE">Microsoft Windows XP Version 5.1 (Build 2600) Service Pack 3; ESRI ArcCatalog 9.3.1.1850</native>
		<natvform Sync="TRUE">Shapefile</natvform></idinfo>
	<dataqual>
		<attracc>
		</attracc>
		<complete>Up to 7/23/2010, the number of folders for boundary activity were reviewed and compared to the amount of records in the shapefile. Some actions were found to be void and were not depicted. Previously voided folder were not reviewed. Out-of-Agency service Agreements (OOASAs) from 1994 were reviewed. Only two OOASAs included LAFCO resolutions that changed the Sphere-of-Influence (SOI) for a local agency: Santa Barbara and Solvang. As stated in the Supplemental Information section, the actions were processed into a compiled boundary.

Total records before compilation:
(Includes one Sphere-of-Influence record per each local agency)
Buellton: 2
Carpinteria: 30
Goleta: 2
Guadalupe: 14
Lompoc: 60
Santa Barbara: 120 (includes one OOASA modifying the SOI)
Santa Maria: 80
Solvang: 5 (includes one OOASA modifying the SOI)

The source shapefiles containing boundary activity is available from the County Surveyor. Detailed reports on such activity are available on the Cities page of the County Surveyor Web site.</complete>
		<posacc>
			<horizpa>
				<horizpar>The dataset is registered to the County Assessor's Cadastral Parcel Landbase dataset. The County Assessor's cadastral Parcel Landbase dataset has no established level of accuracy and is based on printed Assessor's Map Books.
All records have at least one reference to a LACFO action or a city, county, or special district resolution. All approved actions that have a hardcopy reference or a entry in a hardcopy index have been shapefiled. All areas of possible gross misregistration have been reviewed. If the district boundary does not follow Assessor's parcels, it may be for one of the following reasons: 1. The record makes calls to courses that existed before subdivision or before a Lot Line Adjustment. (usually when a district line crosses parcel lines at an angle). 2. A record makes a call to the near side, centerline, or far side a road right-of-way, but the neighboring record does not make a call to the same location (usually resulting in an island or gap). 3. The Assessor's parcel layer has been edited for increased accuracy, but the city or district boundary has not been edited to match. (usually resulting in parallel misregistration along outside edges) 4. The record was incorrectly digitized. 
Due to the nature of its construction the County Assessor's Cadastral Parcel Landbase dataset has varying degrees of positional precision. It is useful to distinguish between positional accuracy and positional precision. In the Assessor's Cadastral Parcel Landbase feature class, the former refers to the relative accuracy of a given group of spatially related parcel polygons. In other words, for any given polygon, are the neighboring polygons in a proper or accurate relationship spatially with our subject polygon? Subjectively we find that the Assessor's Cadastral Parcel Landbase feature class positional accuracy is good to excellent. On the other hand, positional precision refers to an actual ground location and how well any determinable cadastral point in the dataset is related to this established ground location. As stated previously, this will vary depending on its general location. In those areas which were initially spatially referenced to the Flood Control Topo Map Sets, which are the areas of Santa Barbara city, the Goleta valley, the Santa Ynez valley, and the Santa Maria valley, there is consistently a positional horizontal error of between 3 and 6 feet. The lower figure would be within the city blocks themselves, and the higher figure in the areas outside the numbered orthogonal blocks. Outside of this control set, the nature of the precision may be quite varied. In the unpopulated areas outside the control of the Knopf GPS road set, there may be variances of more than 100-200 feet. For the majority of the populated areas, any horizontal positional precision would be between these general values, and more closer to the lower side given a reasonable distance and tie-in to the Knopf GPS road set. Ultimately it must be remembered that for many of the more antique legal descriptions that might reference, say, a rancho line, that a precise location of any given cadastral point is by its nature an abstraction unless referenced by a modern record of survey, and even then there may be serious discrepancies in the various surveys that are available. The southern Tepusquet Rd area is a prime example, where it would take a survey and the signed acquiescence of all of the affected property owners to truly call that area spatially precise in cadastral terms.
"Notice: Assessor Parcels are for tax assessment purposes only..." In general, Rancho areas with less monuments and fewer records of measured distances are less accurate, whereas urban areas with a higher density of recorded monuments and therefore more repeated distance measurements are more accurate.</horizpar>
				<qhorizpa>
					<horizpav>+/- 1 to 100 meters</horizpav>
					<horizpae>Survey-collected GPS coordinate data from a small sample of monuments were compared to corresponding vertices in the County Assessors's Cadastral Parcel Landbase (Assessor's Parcel Layer).
Verifying survey data was obtained from horizontal positions derived by GPS observations holding Continuously Operating Reference Stations (CORS) or Control Points fixed as shown in Record of Survey Books, based on California Coordinate System 1983 (CCS83) 1991.35 epoch.
The County Assessor's Cadastral Parcel Landbase dataset (Assessor's Parcel Layer) was obtained from the County Assessor.</horizpae>
				</qhorizpa>
			</horizpa>
		</posacc>
		<lineage>
			<procstep>
				<procdesc>Metadata imported.</procdesc>
				<srcused>G:\SURVEY\SIS\DATA\Districts\metadata.xml</srcused>
			</procstep>
			<procstep>
				<procdesc>Metadata imported.</procdesc>
				<srcused>G:\SURVEY\SIS\DATA\Districts\Cities_Metadata.xml</srcused>
			</procstep>
			<procstep>
				<procdesc>Metadata imported.</procdesc>
				<srcused>G:\SURVEY\SIS\DATA\Cities\cities.shp.xml</srcused>
			</procstep>
			<procstep><procdesc Sync="TRUE">Metadata imported.</procdesc><srcused Sync="TRUE">G:\SURVEY\SIS\DATA\Cities\metadata.xml</srcused><date Sync="TRUE">20101007</date><time Sync="TRUE">15274000</time></procstep><procstep><procdesc Sync="TRUE">Metadata imported.</procdesc><srcused Sync="TRUE">G:\SURVEY\SIS\DATA\Cities\Edits_to_copyback\cities.shp.xml</srcused><date Sync="TRUE">20101129</date><time Sync="TRUE">11282300</time></procstep><procstep><procdesc Sync="TRUE">Metadata imported.</procdesc><srcused Sync="TRUE">G:\SURVEY\SIS\DATA\Cities\Staging_for_SDE\SBCSDE.GIO.city_boundary_no_ocean.shp.xml</srcused><date Sync="TRUE">20101129</date><time Sync="TRUE">14573700</time></procstep></lineage>
	</dataqual>
	<spdoinfo>
		<direct Sync="TRUE">Vector</direct>
		<ptvctinf>
			<sdtsterm Name="city_boundary_no_ocean">
				<sdtstype Sync="TRUE">G-polygon</sdtstype>
				<ptvctcnt Sync="TRUE">0</ptvctcnt>
			</sdtsterm>
			<sdtsterm>
				<sdtstype>G-polygon</sdtstype>
				<ptvctcnt>56</ptvctcnt>
			</sdtsterm>
			<sdtsterm>
				<sdtstype>G-polygon</sdtstype>
				<ptvctcnt>47</ptvctcnt>
			</sdtsterm>
			<sdtsterm>
				<sdtstype>G-polygon</sdtstype>
				<ptvctcnt>11</ptvctcnt>
			</sdtsterm>
			<sdtsterm>
				<sdtstype>G-polygon</sdtstype>
				<ptvctcnt>214</ptvctcnt>
			</sdtsterm>
			<sdtsterm>
				<sdtstype>G-polygon</sdtstype>
				<ptvctcnt>4</ptvctcnt>
			</sdtsterm>
			<sdtsterm>
				<sdtstype>G-polygon</sdtstype>
				<ptvctcnt>169</ptvctcnt>
			</sdtsterm>
			<sdtsterm>
				<sdtstype>G-polygon</sdtstype>
				<ptvctcnt>332</ptvctcnt>
			</sdtsterm>
			<sdtsterm>
				<sdtstype>G-polygon</sdtstype>
				<ptvctcnt>1</ptvctcnt>
			</sdtsterm>
			<sdtsterm>
				<sdtstype>G-polygon</sdtstype>
				<ptvctcnt>1</ptvctcnt>
			</sdtsterm>
			<sdtsterm>
				<sdtstype>G-polygon</sdtstype>
				<ptvctcnt>2</ptvctcnt>
			</sdtsterm>
			<sdtsterm>
				<sdtstype>G-polygon</sdtstype>
				<ptvctcnt>2</ptvctcnt>
			</sdtsterm>
			<sdtsterm>
				<sdtstype>G-polygon</sdtstype>
				<ptvctcnt>49</ptvctcnt>
			</sdtsterm>
			<sdtsterm>
				<sdtstype>G-polygon</sdtstype>
				<ptvctcnt>5</ptvctcnt>
			</sdtsterm>
			<sdtsterm>
				<sdtstype>G-polygon</sdtstype>
				<ptvctcnt>0</ptvctcnt>
			</sdtsterm>
			<sdtsterm>
				<sdtstype>G-polygon</sdtstype>
				<ptvctcnt>6</ptvctcnt>
			</sdtsterm>
			<sdtsterm>
				<sdtstype>G-polygon</sdtstype>
				<ptvctcnt>1</ptvctcnt>
			</sdtsterm>
			<sdtsterm>
				<sdtstype>G-polygon</sdtstype>
				<ptvctcnt>1</ptvctcnt>
			</sdtsterm>
			<sdtsterm>
				<sdtstype>G-polygon</sdtstype>
				<ptvctcnt>1</ptvctcnt>
			</sdtsterm>
			<sdtsterm>
				<sdtstype>G-polygon</sdtstype>
				<ptvctcnt>1</ptvctcnt>
			</sdtsterm>
			<sdtsterm>
				<sdtstype>G-polygon</sdtstype>
				<ptvctcnt>2</ptvctcnt>
			</sdtsterm>
			<sdtsterm>
				<sdtstype>G-polygon</sdtstype>
				<ptvctcnt>1</ptvctcnt>
			</sdtsterm>
			<sdtsterm>
				<sdtstype>G-polygon</sdtstype>
				<ptvctcnt>2</ptvctcnt>
			</sdtsterm>
			<sdtsterm>
				<sdtstype>G-polygon</sdtstype>
				<ptvctcnt>47</ptvctcnt>
			</sdtsterm>
			<sdtsterm>
				<sdtstype>G-polygon</sdtstype>
				<ptvctcnt>1</ptvctcnt>
			</sdtsterm>
			<sdtsterm>
				<sdtstype>G-polygon</sdtstype>
				<ptvctcnt>1</ptvctcnt>
			</sdtsterm>
			<sdtsterm>
				<sdtstype>G-polygon</sdtstype>
				<ptvctcnt>9</ptvctcnt>
			</sdtsterm>
			<sdtsterm>
				<sdtstype>G-polygon</sdtstype>
				<ptvctcnt>1</ptvctcnt>
			</sdtsterm>
			<sdtsterm>
				<sdtstype>G-polygon</sdtstype>
				<ptvctcnt>4</ptvctcnt>
			</sdtsterm>
			<sdtsterm>
				<sdtstype>G-polygon</sdtstype>
				<ptvctcnt>46</ptvctcnt>
			</sdtsterm>
			<sdtsterm>
				<sdtstype>G-polygon</sdtstype>
				<ptvctcnt>28</ptvctcnt>
			</sdtsterm>
			<sdtsterm>
				<sdtstype>G-polygon</sdtstype>
				<ptvctcnt>31</ptvctcnt>
			</sdtsterm>
			<sdtsterm>
				<sdtstype>G-polygon</sdtstype>
				<ptvctcnt>15</ptvctcnt>
			</sdtsterm>
			<sdtsterm>
				<sdtstype>G-polygon</sdtstype>
				<ptvctcnt>1</ptvctcnt>
			</sdtsterm>
			<sdtsterm>
				<sdtstype>G-polygon</sdtstype>
				<ptvctcnt>1</ptvctcnt>
			</sdtsterm>
			<sdtsterm>
				<sdtstype>G-polygon</sdtstype>
				<ptvctcnt>1</ptvctcnt>
			</sdtsterm>
			<sdtsterm>
				<sdtstype>G-polygon</sdtstype>
				<ptvctcnt>1</ptvctcnt>
			</sdtsterm>
			<sdtsterm>
				<sdtstype>G-polygon</sdtstype>
				<ptvctcnt>2</ptvctcnt>
			</sdtsterm>
			<sdtsterm>
				<sdtstype>G-polygon</sdtstype>
				<ptvctcnt>136</ptvctcnt>
			</sdtsterm>
			<sdtsterm>
				<sdtstype>G-polygon</sdtstype>
				<ptvctcnt>2</ptvctcnt>
			</sdtsterm>
			<sdtsterm>
				<sdtstype>G-polygon</sdtstype>
				<ptvctcnt>2</ptvctcnt>
			</sdtsterm>
			<sdtsterm>
				<sdtstype>G-polygon</sdtstype>
				<ptvctcnt>1</ptvctcnt>
			</sdtsterm>
			<sdtsterm>
				<sdtstype>G-polygon</sdtstype>
				<ptvctcnt>2</ptvctcnt>
			</sdtsterm>
			<sdtsterm>
				<sdtstype>G-polygon</sdtstype>
				<ptvctcnt>1</ptvctcnt>
			</sdtsterm>
			<sdtsterm>
				<sdtstype>G-polygon</sdtstype>
				<ptvctcnt>1</ptvctcnt>
			</sdtsterm>
			<sdtsterm>
				<sdtstype>G-polygon</sdtstype>
				<ptvctcnt>1</ptvctcnt>
			</sdtsterm>
			<sdtsterm>
				<sdtstype>G-polygon</sdtstype>
				<ptvctcnt>1</ptvctcnt>
			</sdtsterm>
			<sdtsterm>
				<sdtstype>G-polygon</sdtstype>
				<ptvctcnt>11</ptvctcnt>
			</sdtsterm>
			<sdtsterm>
				<sdtstype>G-polygon</sdtstype>
				<ptvctcnt>1</ptvctcnt>
			</sdtsterm>
			<sdtsterm>
				<sdtstype>G-polygon</sdtstype>
				<ptvctcnt>1</ptvctcnt>
			</sdtsterm>
			<sdtsterm>
				<sdtstype>G-polygon</sdtstype>
				<ptvctcnt>0</ptvctcnt>
			</sdtsterm>
			<sdtsterm>
				<sdtstype>G-polygon</sdtstype>
				<ptvctcnt>1</ptvctcnt>
			</sdtsterm>
			<sdtsterm>
				<sdtstype>G-polygon</sdtstype>
				<ptvctcnt>1</ptvctcnt>
			</sdtsterm>
			<sdtsterm>
				<sdtstype>G-polygon</sdtstype>
				<ptvctcnt>3</ptvctcnt>
			</sdtsterm>
			<sdtsterm>
				<sdtstype>G-polygon</sdtstype>
				<ptvctcnt>1</ptvctcnt>
			</sdtsterm>
			<sdtsterm>
				<sdtstype>G-polygon</sdtstype>
				<ptvctcnt>2</ptvctcnt>
			</sdtsterm>
			<sdtsterm>
				<sdtstype>G-polygon</sdtstype>
				<ptvctcnt>3</ptvctcnt>
			</sdtsterm>
			<sdtsterm>
				<sdtstype>G-polygon</sdtstype>
				<ptvctcnt>1</ptvctcnt>
			</sdtsterm>
			<sdtsterm>
				<sdtstype>G-polygon</sdtstype>
				<ptvctcnt>2</ptvctcnt>
			</sdtsterm>
			<sdtsterm>
				<sdtstype>G-polygon</sdtstype>
				<ptvctcnt>5</ptvctcnt>
			</sdtsterm>
			<sdtsterm>
				<sdtstype>G-polygon</sdtstype>
				<ptvctcnt>1</ptvctcnt>
			</sdtsterm>
			<sdtsterm>
				<sdtstype>G-polygon</sdtstype>
				<ptvctcnt>3</ptvctcnt>
			</sdtsterm>
			<sdtsterm>
				<sdtstype>G-polygon</sdtstype>
				<ptvctcnt>7</ptvctcnt>
			</sdtsterm>
			<sdtsterm>
				<sdtstype>G-polygon</sdtstype>
				<ptvctcnt>7</ptvctcnt>
			</sdtsterm>
			<sdtsterm>
				<sdtstype>G-polygon</sdtstype>
				<ptvctcnt>6</ptvctcnt>
			</sdtsterm>
			<sdtsterm>
				<sdtstype>G-polygon</sdtstype>
				<ptvctcnt>1</ptvctcnt>
			</sdtsterm>
			<sdtsterm>
				<sdtstype>G-polygon</sdtstype>
				<ptvctcnt>5</ptvctcnt>
			</sdtsterm>
			<sdtsterm>
				<sdtstype>G-polygon</sdtstype>
				<ptvctcnt>1</ptvctcnt>
			</sdtsterm>
			<sdtsterm>
				<sdtstype>G-polygon</sdtstype>
				<ptvctcnt>1</ptvctcnt>
			</sdtsterm>
			<sdtsterm>
				<sdtstype>G-polygon</sdtstype>
				<ptvctcnt>1</ptvctcnt>
			</sdtsterm>
			<sdtsterm>
				<sdtstype>G-polygon</sdtstype>
				<ptvctcnt>1</ptvctcnt>
			</sdtsterm>
			<sdtsterm>
				<sdtstype>G-polygon</sdtstype>
				<ptvctcnt>1</ptvctcnt>
			</sdtsterm>
			<sdtsterm>
				<sdtstype>G-polygon</sdtstype>
				<ptvctcnt>2</ptvctcnt>
			</sdtsterm>
			<sdtsterm>
				<sdtstype>G-polygon</sdtstype>
				<ptvctcnt>2</ptvctcnt>
			</sdtsterm>
			<sdtsterm>
				<sdtstype>G-polygon</sdtstype>
				<ptvctcnt>39</ptvctcnt>
			</sdtsterm>
			<sdtsterm>
				<sdtstype>G-polygon</sdtstype>
				<ptvctcnt>4</ptvctcnt>
			</sdtsterm>
			<sdtsterm>
				<sdtstype>G-polygon</sdtstype>
				<ptvctcnt>4</ptvctcnt>
			</sdtsterm>
			<sdtsterm>
				<sdtstype>G-polygon</sdtstype>
				<ptvctcnt>1</ptvctcnt>
			</sdtsterm>
			<sdtsterm>
				<sdtstype>G-polygon</sdtstype>
				<ptvctcnt>70</ptvctcnt>
			</sdtsterm>
			<sdtsterm>
				<sdtstype>G-polygon</sdtstype>
				<ptvctcnt>119</ptvctcnt>
			</sdtsterm>
			<sdtsterm>
				<sdtstype>G-polygon</sdtstype>
				<ptvctcnt>87</ptvctcnt>
			</sdtsterm>
			<sdtsterm>
				<sdtstype>G-polygon</sdtstype>
				<ptvctcnt>4</ptvctcnt>
			</sdtsterm>
			<sdtsterm>
				<sdtstype>G-polygon</sdtstype>
				<ptvctcnt>1</ptvctcnt>
			</sdtsterm>
			<sdtsterm>
				<sdtstype>G-polygon</sdtstype>
				<ptvctcnt>16</ptvctcnt>
			</sdtsterm>
			<sdtsterm>
				<sdtstype>String</sdtstype>
				<ptvctcnt>0</ptvctcnt>
			</sdtsterm>
			<sdtsterm>
				<sdtstype>G-polygon</sdtstype>
				<ptvctcnt>1</ptvctcnt>
			</sdtsterm>
			<sdtsterm>
				<sdtstype>G-polygon</sdtstype>
				<ptvctcnt>5</ptvctcnt>
			</sdtsterm>
			<esriterm Name="city_boundary_no_ocean"><efeatyp Sync="TRUE">Simple</efeatyp><efeageom Sync="TRUE">Polygon</efeageom><esritopo Sync="TRUE">FALSE</esritopo><efeacnt Sync="TRUE">0</efeacnt><spindex Sync="TRUE">FALSE</spindex><linrefer Sync="TRUE">FALSE</linrefer></esriterm></ptvctinf>
	</spdoinfo>
	<spref>
		<horizsys>
			<planar>
				<planci>
					<plance Sync="TRUE">coordinate pair</plance>
					<coordrep>
						<absres Sync="TRUE">0.000000</absres>
						<ordres Sync="TRUE">0.000000</ordres>
					</coordrep>
					<plandu Sync="TRUE">survey feet</plandu>
				</planci>
				<mapproj><mapprojn Sync="TRUE">Lambert Conformal Conic</mapprojn><lambertc><stdparll Sync="TRUE">34.033333</stdparll><stdparll Sync="TRUE">35.466667</stdparll><longcm Sync="TRUE">-118.000000</longcm><latprjo Sync="TRUE">33.500000</latprjo><feast Sync="TRUE">6561666.666667</feast><fnorth Sync="TRUE">1640416.666667</fnorth></lambertc></mapproj></planar>
			<geodetic>
				<horizdn Sync="TRUE">North American Datum of 1983</horizdn>
				<ellips Sync="TRUE">Geodetic Reference System 80</ellips>
				<semiaxis Sync="TRUE">6378137.000000</semiaxis>
				<denflat Sync="TRUE">298.257222</denflat>
			</geodetic>
			<cordsysn><geogcsn Sync="TRUE">GCS_North_American_1983</geogcsn><projcsn Sync="TRUE">NAD_1983_StatePlane_California_V_FIPS_0405_Feet</projcsn></cordsysn></horizsys>
		<vertdef>
			<altsys>
				<altres>0.000100</altres>
				<altenc>Explicit elevation coordinate included with horizontal coordinates</altenc>
			</altsys>
		</vertdef>
	</spref>
	<eainfo>
		<detailed Name="city_boundary_no_ocean">
			<enttyp>
				<enttypl Sync="TRUE">city_boundary_no_ocean</enttypl>
				<enttypt Sync="TRUE">Feature Class</enttypt><enttypc Sync="TRUE">0</enttypc></enttyp>
			<attr>
				<attrlabl>Shape</attrlabl>
				<attrdef>Feature geometry.</attrdef>
				<attrdefs>ESRI</attrdefs>
				<attrdomv>
					<udom>Coordinates defining the features.</udom>
				</attrdomv>
				<attrtype Sync="TRUE">OID</attrtype><attwidth Sync="TRUE">4</attwidth><attalias Sync="TRUE">FID</attalias><atprecis Sync="TRUE">0</atprecis><attscale Sync="TRUE">0</attscale></attr>
			<attr><attrlabl Sync="TRUE">CITY</attrlabl><attalias Sync="TRUE">CITY</attalias><attrtype Sync="TRUE">String</attrtype><attwidth Sync="TRUE">200</attwidth></attr><attr>
				<attrlabl>SHAPE</attrlabl>
				<attrdef>Feature geometry.</attrdef>
				<attrdefs>ESRI</attrdefs>
				<attrdomv>
					<udom>Coordinates defining the features.</udom>
				</attrdomv>
				<attalias Sync="TRUE">Shape</attalias><attrtype Sync="TRUE">Geometry</attrtype><attwidth Sync="TRUE">0</attwidth><atprecis Sync="TRUE">0</atprecis><attscale Sync="TRUE">0</attscale></attr>
			<attr><attrlabl Sync="TRUE">area</attrlabl><attalias Sync="TRUE">area</attalias><attrtype Sync="TRUE">Number</attrtype><attwidth Sync="TRUE">19</attwidth><atnumdec Sync="TRUE">8</atnumdec></attr><attr><attrlabl Sync="TRUE">len</attrlabl><attalias Sync="TRUE">len</attalias><attrtype Sync="TRUE">Number</attrtype><attwidth Sync="TRUE">19</attwidth><atnumdec Sync="TRUE">8</atnumdec></attr><attr><attrlabl Sync="TRUE">Shape_area</attrlabl><attalias Sync="TRUE">Shape_area</attalias><attrtype Sync="TRUE">Float</attrtype><attwidth Sync="TRUE">19</attwidth><attrdef Sync="TRUE">Area of feature in internal units squared.</attrdef><attrdefs Sync="TRUE">ESRI</attrdefs><attrdomv><udom Sync="TRUE">Positive real numbers that are automatically generated.</udom></attrdomv><atnumdec Sync="TRUE">11</atnumdec></attr><attr><attrlabl Sync="TRUE">Shape_len</attrlabl><attalias Sync="TRUE">Shape_len</attalias><attrtype Sync="TRUE">Float</attrtype><attwidth Sync="TRUE">19</attwidth><atnumdec Sync="TRUE">11</atnumdec></attr></detailed>
		<detailed>
			<enttyp>
				<enttypl>
Anno_122_169</enttypl>
			</enttyp>
			<attr>
			</attr>
			<attr>
			</attr>
			<attr><attrtype Sync="TRUE">String</attrtype><attwidth Sync="TRUE">10</attwidth></attr><attr><attrtype Sync="TRUE">Number</attrtype><attwidth Sync="TRUE">19</attwidth><atnumdec Sync="TRUE">8</atnumdec></attr><attr><attrtype Sync="TRUE">Number</attrtype><attwidth Sync="TRUE">19</attwidth><atnumdec Sync="TRUE">8</atnumdec></attr><attr><attrtype Sync="TRUE">Float</attrtype><attwidth Sync="TRUE">19</attwidth><atnumdec Sync="TRUE">11</atnumdec></attr><attr><attrtype Sync="TRUE">Float</attrtype><attwidth Sync="TRUE">19</attwidth><atnumdec Sync="TRUE">11</atnumdec></attr><attr><attrtype Sync="TRUE">String</attrtype><attwidth Sync="TRUE">50</attwidth></attr><attr><attrtype Sync="TRUE">String</attrtype><attwidth Sync="TRUE">10</attwidth></attr><attr><attrtype Sync="TRUE">String</attrtype><attwidth Sync="TRUE">200</attwidth></attr></detailed>
		<detailed>
			<enttyp>
				<enttypl>
City_of_Lompoc</enttypl>
			</enttyp>
			<attr>
			</attr>
			<attr>
			</attr>
			<attr><attrtype Sync="TRUE">String</attrtype><attwidth Sync="TRUE">10</attwidth></attr><attr><attrtype Sync="TRUE">Number</attrtype><attwidth Sync="TRUE">19</attwidth><atnumdec Sync="TRUE">8</atnumdec></attr><attr><attrtype Sync="TRUE">Number</attrtype><attwidth Sync="TRUE">19</attwidth><atnumdec Sync="TRUE">8</atnumdec></attr><attr><attrtype Sync="TRUE">Float</attrtype><attwidth Sync="TRUE">19</attwidth><atnumdec Sync="TRUE">11</atnumdec></attr><attr><attrtype Sync="TRUE">Float</attrtype><attwidth Sync="TRUE">19</attwidth><atnumdec Sync="TRUE">11</atnumdec></attr><attr><attrtype Sync="TRUE">String</attrtype><attwidth Sync="TRUE">50</attwidth></attr><attr><attrtype Sync="TRUE">String</attrtype><attwidth Sync="TRUE">10</attwidth></attr><attr><attrtype Sync="TRUE">String</attrtype><attwidth Sync="TRUE">200</attwidth></attr></detailed>
		<detailed>
			<enttyp>
				<enttypl>
City_of_Santa_Barbara</enttypl>
			</enttyp>
			<attr>
			</attr>
			<attr>
			</attr>
			<attr><attrtype Sync="TRUE">String</attrtype><attwidth Sync="TRUE">10</attwidth></attr><attr><attrtype Sync="TRUE">Number</attrtype><attwidth Sync="TRUE">19</attwidth><atnumdec Sync="TRUE">8</atnumdec></attr><attr><attrtype Sync="TRUE">Number</attrtype><attwidth Sync="TRUE">19</attwidth><atnumdec Sync="TRUE">8</atnumdec></attr><attr><attrtype Sync="TRUE">Float</attrtype><attwidth Sync="TRUE">19</attwidth><atnumdec Sync="TRUE">11</atnumdec></attr><attr><attrtype Sync="TRUE">Float</attrtype><attwidth Sync="TRUE">19</attwidth><atnumdec Sync="TRUE">11</atnumdec></attr><attr><attrtype Sync="TRUE">String</attrtype><attwidth Sync="TRUE">50</attwidth></attr><attr><attrtype Sync="TRUE">String</attrtype><attwidth Sync="TRUE">10</attwidth></attr><attr><attrtype Sync="TRUE">String</attrtype><attwidth Sync="TRUE">200</attwidth></attr></detailed>
		<detailed>
			<enttyp>
				<enttypl>
City_of_Santa_Maria</enttypl>
			</enttyp>
			<attr>
			</attr>
			<attr>
			</attr>
			<attr><attrtype Sync="TRUE">String</attrtype><attwidth Sync="TRUE">10</attwidth></attr><attr><attrtype Sync="TRUE">Number</attrtype><attwidth Sync="TRUE">19</attwidth><atnumdec Sync="TRUE">8</atnumdec></attr><attr><attrtype Sync="TRUE">Number</attrtype><attwidth Sync="TRUE">19</attwidth><atnumdec Sync="TRUE">8</atnumdec></attr><attr><attrtype Sync="TRUE">Float</attrtype><attwidth Sync="TRUE">19</attwidth><atnumdec Sync="TRUE">11</atnumdec></attr><attr><attrtype Sync="TRUE">Float</attrtype><attwidth Sync="TRUE">19</attwidth><atnumdec Sync="TRUE">11</atnumdec></attr><attr><attrtype Sync="TRUE">String</attrtype><attwidth Sync="TRUE">50</attwidth></attr><attr><attrtype Sync="TRUE">String</attrtype><attwidth Sync="TRUE">10</attwidth></attr><attr><attrtype Sync="TRUE">String</attrtype><attwidth Sync="TRUE">200</attwidth></attr></detailed>
		<detailed>
			<enttyp>
				<enttypl>
City_of_Solvang</enttypl>
			</enttyp>
			<attr>
			</attr>
			<attr>
			</attr>
			<attr><attrtype Sync="TRUE">String</attrtype><attwidth Sync="TRUE">10</attwidth></attr><attr><attrtype Sync="TRUE">Number</attrtype><attwidth Sync="TRUE">19</attwidth><atnumdec Sync="TRUE">8</atnumdec></attr><attr><attrtype Sync="TRUE">Number</attrtype><attwidth Sync="TRUE">19</attwidth><atnumdec Sync="TRUE">8</atnumdec></attr><attr><attrtype Sync="TRUE">Float</attrtype><attwidth Sync="TRUE">19</attwidth><atnumdec Sync="TRUE">11</atnumdec></attr><attr><attrtype Sync="TRUE">Float</attrtype><attwidth Sync="TRUE">19</attwidth><atnumdec Sync="TRUE">11</atnumdec></attr><attr><attrtype Sync="TRUE">String</attrtype><attwidth Sync="TRUE">50</attwidth></attr><attr><attrtype Sync="TRUE">String</attrtype><attwidth Sync="TRUE">10</attwidth></attr><attr><attrtype Sync="TRUE">String</attrtype><attwidth Sync="TRUE">200</attwidth></attr></detailed>
		<detailed>
			<enttyp>
				<enttypl>
City_of_Buellton</enttypl>
			</enttyp>
			<attr>
			</attr>
			<attr>
			</attr>
			<attr><attrtype Sync="TRUE">String</attrtype><attwidth Sync="TRUE">10</attwidth></attr><attr><attrtype Sync="TRUE">Number</attrtype><attwidth Sync="TRUE">19</attwidth><atnumdec Sync="TRUE">8</atnumdec></attr><attr><attrtype Sync="TRUE">Number</attrtype><attwidth Sync="TRUE">19</attwidth><atnumdec Sync="TRUE">8</atnumdec></attr><attr><attrtype Sync="TRUE">Float</attrtype><attwidth Sync="TRUE">19</attwidth><atnumdec Sync="TRUE">11</atnumdec></attr><attr><attrtype Sync="TRUE">Float</attrtype><attwidth Sync="TRUE">19</attwidth><atnumdec Sync="TRUE">11</atnumdec></attr><attr><attrtype Sync="TRUE">String</attrtype><attwidth Sync="TRUE">50</attwidth></attr><attr><attrtype Sync="TRUE">String</attrtype><attwidth Sync="TRUE">10</attwidth></attr><attr><attrtype Sync="TRUE">String</attrtype><attwidth Sync="TRUE">200</attwidth></attr></detailed>
		<detailed>
			<enttyp>
				<enttypl>
City_of_Guadalupe</enttypl>
			</enttyp>
			<attr>
			</attr>
			<attr>
			</attr>
			<attr><attrtype Sync="TRUE">String</attrtype><attwidth Sync="TRUE">10</attwidth></attr><attr><attrtype Sync="TRUE">Number</attrtype><attwidth Sync="TRUE">19</attwidth><atnumdec Sync="TRUE">8</atnumdec></attr><attr><attrtype Sync="TRUE">Number</attrtype><attwidth Sync="TRUE">19</attwidth><atnumdec Sync="TRUE">8</atnumdec></attr><attr><attrtype Sync="TRUE">Float</attrtype><attwidth Sync="TRUE">19</attwidth><atnumdec Sync="TRUE">11</atnumdec></attr><attr><attrtype Sync="TRUE">Float</attrtype><attwidth Sync="TRUE">19</attwidth><atnumdec Sync="TRUE">11</atnumdec></attr><attr><attrtype Sync="TRUE">String</attrtype><attwidth Sync="TRUE">50</attwidth></attr><attr><attrtype Sync="TRUE">String</attrtype><attwidth Sync="TRUE">10</attwidth></attr><attr><attrtype Sync="TRUE">String</attrtype><attwidth Sync="TRUE">200</attwidth></attr></detailed>
	</eainfo>
	<distinfo>
		<resdesc>Downloadable Data</resdesc>
		<distliab>See Use Constraints</distliab>
		<stdorder>
			<digform>
				<digtinfo>
					<transize>0.121</transize>
					<dssize Sync="TRUE">0.000</dssize></digtinfo>
			</digform>
		</stdorder>
	</distinfo>
	<metainfo>
		<metd Sync="TRUE">20101129</metd>
		<metc>
			<cntinfo>
				<cntorgp>
					<cntorg>Santa Barbara County, Public Works Department - Surveyor Division</cntorg>
					<cntper>Adrian Foster</cntper>
				</cntorgp>
				<cntpos>GIS Technician</cntpos>
				<cntaddr>
					<addrtype>mailing address</addrtype>
					<address>COUNTY SURVEYOR</address>
					<address>123 E ANAPAMU ST STOP 1</address>
					<city>Santa Barbara</city>
					<state>CA</state>
					<postal>93101-2097</postal>
					<country>USA</country>
				</cntaddr>
				<cntvoice>805-568-3020</cntvoice>
				<cntfax>805-568-3318</cntfax>
				<cntemail>afoster@sosbpw.net</cntemail>
				<hours>8 am - Noon, Pacific Time</hours>
				<cntinst>Ask for GIS</cntinst>
			</cntinfo>
		</metc>
		<metstdn Sync="TRUE">FGDC Content Standards for Digital Geospatial Metadata</metstdn>
		<metstdv Sync="TRUE">FGDC-STD-001-1998</metstdv>
		<mettc Sync="TRUE">local time</mettc>
		<metextns>
			<onlink>http://www.esri.com/metadata/esriprof80.html</onlink>
			<metprof>ESRI Metadata Profile</metprof>
		</metextns>
		<metextns>
			<onlink>http://www.esri.com/metadata/esriprof80.html</onlink>
			<metprof>ESRI Metadata Profile</metprof>
		</metextns>
		<metextns>
			<onlink>http://www.esri.com/metadata/esriprof80.html</onlink>
			<metprof>ESRI Metadata Profile</metprof>
		</metextns>
		<metextns>
			<onlink>http://www.esri.com/metadata/esriprof80.html</onlink>
			<metprof>ESRI Metadata Profile</metprof>
		</metextns>
		<metextns>
			<onlink>http://www.esri.com/metadata/esriprof80.html</onlink>
			<metprof>ESRI Metadata Profile</metprof>
		</metextns>
		<metextns>
			<onlink>http://www.esri.com/metadata/esriprof80.html</onlink>
			<metprof>ESRI Metadata Profile</metprof>
		</metextns>
		<langmeta Sync="TRUE">en</langmeta><metextns><onlink Sync="TRUE">http://www.esri.com/metadata/esriprof80.html</onlink><metprof Sync="TRUE">ESRI Metadata Profile</metprof></metextns></metainfo>
	<Esri><CreaDate>20101129</CreaDate><CreaTime>14573700</CreaTime><SyncOnce>FALSE</SyncOnce><SyncDate>20101129</SyncDate><SyncTime>17343100</SyncTime><ModDate>20101129</ModDate><ModTime>17343100</ModTime><MetaID>{83891B78-BEC8-4063-9E89-013E51AB0B1C}</MetaID><DataProperties><lineage><Process ToolSource="C:\Program Files\ArcGIS\ArcToolbox\Toolboxes\Conversion Tools.tbx\FeatureClassToFeatureClass" Date="20101129" Time="173436">FeatureClassToFeatureClass "Database Connections\Connection to SBGISSQL VIEWER.sde\SBCSDE.GIO.admin_survey\SBCSDE.GIO.city_boundary_no_ocean" X:\ONLINE_DATA_CATALOG city_boundary_no_ocean.shp # "CITY 'CITY' true true false 200 Text 0 0 ,First,#,Database Connections\Connection to SBGISSQL VIEWER.sde\SBCSDE.GIO.admin_survey\SBCSDE.GIO.city_boundary_no_ocean,CITY,-1,-1;area 'area' true true true 8 Double 8 38 ,First,#,Database Connections\Connection to SBGISSQL VIEWER.sde\SBCSDE.GIO.admin_survey\SBCSDE.GIO.city_boundary_no_ocean,SBCSDE.GIO.city_boundary_no_ocean.area,-1,-1;len 'len' true true true 8 Double 8 38 ,First,#,Database Connections\Connection to SBGISSQL VIEWER.sde\SBCSDE.GIO.admin_survey\SBCSDE.GIO.city_boundary_no_ocean,SBCSDE.GIO.city_boundary_no_ocean.len,-1,-1;Shape_area 'Shape_area' false false true 0 Double 0 0 ,First,#,Database Connections\Connection to SBGISSQL VIEWER.sde\SBCSDE.GIO.admin_survey\SBCSDE.GIO.city_boundary_no_ocean,Shape.area,-1,-1;Shape_len 'Shape_len' false false true 0 Double 0 0 ,First,#,Database Connections\Connection to SBGISSQL VIEWER.sde\SBCSDE.GIO.admin_survey\SBCSDE.GIO.city_boundary_no_ocean,Shape.len,-1,-1" # X:\ONLINE_DATA_CATALOG\city_boundary_no_ocean.shp</Process></lineage><itemProps><itemLocation><linkage Sync="TRUE">file://\\babylon\co2016\bbest_student\esm215\data\cosb\raw\city_boundary_no_ocean</linkage><protocol Sync="TRUE">Local Area Network</protocol></itemLocation></itemProps><copyHistory><copy source="H:\esm215\data\cosb\city_boundary_no_ocean" dest="\\babylon\co2016\bbest_student\esm215\data\cosb\raw\city_boundary_no_ocean" date="20150107" time="20060400"></copy></copyHistory></DataProperties></Esri><dataIdInfo><envirDesc Sync="TRUE">Microsoft Windows XP Version 5.1 (Build 2600) Service Pack 3; ESRI ArcCatalog 9.3.1.1850</envirDesc><dataLang><languageCode Sync="TRUE" value="en"></languageCode></dataLang><idCitation><resTitle Sync="TRUE">city_boundary_no_ocean</resTitle><presForm><PresFormCd Sync="TRUE" value="005"></PresFormCd></presForm></idCitation><spatRpType><SpatRepTypCd Sync="TRUE" value="001"></SpatRepTypCd></spatRpType><dataExt><geoEle><GeoBndBox esriExtentType="native"><westBL Sync="TRUE">5785328.389527</westBL><eastBL Sync="TRUE">6115203.144147</eastBL><northBL Sync="TRUE">2191458.49367</northBL><southBL Sync="TRUE">1952520.77929</southBL><exTypeCode Sync="TRUE">1</exTypeCode></GeoBndBox></geoEle></dataExt><geoBox esriExtentType="decdegrees"><westBL Sync="TRUE">-120.59215</westBL><eastBL Sync="TRUE">-119.479196</eastBL><northBL Sync="TRUE">35.00505</northBL><southBL Sync="TRUE">34.330312</southBL><exTypeCode Sync="TRUE">1</exTypeCode></geoBox></dataIdInfo><mdLang><languageCode Sync="TRUE" value="en"></languageCode></mdLang><mdStanName Sync="TRUE">ISO 19115 Geographic Information - Metadata</mdStanName><mdStanVer Sync="TRUE">DIS_ESRI1.0</mdStanVer><mdChar><CharSetCd Sync="TRUE" value="004"></CharSetCd></mdChar><mdHrLv><ScopeCd Sync="TRUE" value="005"></ScopeCd></mdHrLv><mdHrLvName Sync="TRUE">dataset</mdHrLvName><distInfo><distributor><distorTran><onLineSrc><orDesc Sync="TRUE">002</orDesc><linkage Sync="TRUE">file://\\its01\sbcgis$\ONLINE_DATA_CATALOG\city_boundary_no_ocean.shp</linkage><protocol Sync="TRUE">Local Area Network</protocol></onLineSrc><transSize Sync="TRUE">0.000</transSize></distorTran><distorFormat><formatName Sync="TRUE">Shapefile</formatName></distorFormat></distributor></distInfo><refSysInfo><RefSystem><refSysID><identCode Sync="TRUE">NAD_1983_StatePlane_California_V_FIPS_0405_Feet</identCode></refSysID></RefSystem></refSysInfo><spatRepInfo><VectSpatRep><topLvl><TopoLevCd Sync="TRUE" value="001"></TopoLevCd></topLvl><geometObjs Name="city_boundary_no_ocean"><geoObjTyp><GeoObjTypCd Sync="TRUE" value="001"></GeoObjTypCd></geoObjTyp><geoObjCnt Sync="TRUE">0</geoObjCnt></geometObjs></VectSpatRep></spatRepInfo><mdDateSt Sync="TRUE">20101129</mdDateSt></metadata>
