<PAMDataset>
  <Metadata>
    <MDI key="DataType">Thematic</MDI>
  </Metadata>
  <Metadata domain="Esri">
    <MDI key="PyramidResamplingType">NEAREST</MDI>
  </Metadata>
  <PAMRasterBand band="1">
    <Histograms>
      <HistItem>
        <HistMin>-0.5</HistMin>
        <HistMax>95.5</HistMax>
        <BucketCount>96</BucketCount>
        <IncludeOutOfRange>1</IncludeOutOfRange>
        <Approximate>0</Approximate>
        <HistCounts>5625330|0|0|0|0|0|0|0|0|0|0|1765330|0|0|0|0|0|0|0|0|0|720133|189181|110639|7811|0|0|0|0|0|0|663402|0|0|0|0|0|0|0|0|0|231|1298716|1376191|0|0|0|0|0|0|0|0|5698887|0|0|0|0|0|0|0|0|0|0|0|0|0|0|0|0|0|0|3564546|0|0|0|0|0|0|0|0|0|195729|820825|0|0|0|0|0|0|0|58225|0|0|0|0|51452</HistCounts>
      </HistItem>
    </Histograms>
    <GDALRasterAttributeTable>
      <FieldDefn index="0">
        <Name>OID</Name>
        <Type>0</Type>
        <Usage>0</Usage>
      </FieldDefn>
      <FieldDefn index="1">
        <Name>Value</Name>
        <Type>0</Type>
        <Usage>0</Usage>
      </FieldDefn>
      <FieldDefn index="2">
        <Name>Count</Name>
        <Type>1</Type>
        <Usage>0</Usage>
      </FieldDefn>
      <Row index="0">
        <F>0</F>
        <F>0</F>
        <F>7854240512</F>
      </Row>
      <Row index="1">
        <F>1</F>
        <F>11</F>
        <F>464633299</F>
      </Row>
      <Row index="2">
        <F>2</F>
        <F>12</F>
        <F>1599134</F>
      </Row>
      <Row index="3">
        <F>3</F>
        <F>21</F>
        <F>291339822</F>
      </Row>
      <Row index="4">
        <F>4</F>
        <F>22</F>
        <F>129691655</F>
      </Row>
      <Row index="5">
        <F>5</F>
        <F>23</F>
        <F>55447186</F>
      </Row>
      <Row index="6">
        <F>6</F>
        <F>24</F>
        <F>19812608</F>
      </Row>
      <Row index="7">
        <F>7</F>
        <F>31</F>
        <F>109877087</F>
      </Row>
      <Row index="8">
        <F>8</F>
        <F>41</F>
        <F>985274922</F>
      </Row>
      <Row index="9">
        <F>9</F>
        <F>42</F>
        <F>1060742509</F>
      </Row>
      <Row index="10">
        <F>10</F>
        <F>43</F>
        <F>185907006</F>
      </Row>
      <Row index="11">
        <F>11</F>
        <F>52</F>
        <F>1920743186</F>
      </Row>
      <Row index="12">
        <F>12</F>
        <F>71</F>
        <F>1295844501</F>
      </Row>
      <Row index="13">
        <F>13</F>
        <F>81</F>
        <F>600961504</F>
      </Row>
      <Row index="14">
        <F>14</F>
        <F>82</F>
        <F>1391445001</F>
      </Row>
      <Row index="15">
        <F>15</F>
        <F>90</F>
        <F>350042081</F>
      </Row>
      <Row index="16">
        <F>16</F>
        <F>95</F>
        <F>114502547</F>
      </Row>
    </GDALRasterAttributeTable>
    <Metadata>
      <MDI key="RepresentationType">THEMATIC</MDI>
      <MDI key="STATISTICS_MINIMUM">0</MDI>
      <MDI key="STATISTICS_MAXIMUM">95</MDI>
      <MDI key="STATISTICS_MEAN">36.955854543635</MDI>
      <MDI key="STATISTICS_STDDEV">27.730904462809</MDI>
      <MDI key="STATISTICS_COVARIANCES">769.003062325438</MDI>
    </Metadata>
  </PAMRasterBand>
</PAMDataset>
