id,target,spf,name
1,5,10,Accipiter cooperii
2,5,10,Accipiter striatus
3,5,10,Agelaius tricolor
4,5,10,Ammodramus savannarum
5,5,10,Amphispiza belli
6,5,10,Antrozous pallidus
7,5,10,Athene cunicularia
8,5,10,Buteo regalis
9,5,10,Catharus ustulatus
10,5,10,Cnemidophorus tigris
11,5,10,Elanus leucurus
12,5,10,Icteria virens
13,5,10,Lanius ludovicianus
14,5,10,Mimulus aurantiacus
15,5,10,Passerina caerulea
16,5,10,Phrynosoma coronatum
17,5,10,Pinus muricata
18,5,10,Quercus parvula
19,5,10,Sciurus griseus
20,5,10,Solanum xanti
