<?xml version="1.0" encoding="UTF-8"?>
<metadata xml:lang="en"><Esri><CreaDate>20150129</CreaDate><CreaTime>14093800</CreaTime><ArcGISFormat>1.0</ArcGISFormat><SyncOnce>TRUE</SyncOnce><DataProperties><lineage><Process Name="Raster Calculator (2)" ToolSource="c:\program files (x86)\arcgis\desktop10.2\ArcToolbox\Toolboxes\Spatial Analyst Tools.tbx\RasterCalculator" Date="20150129" Time="140938">RasterCalculator Con("h:\esm215\lab4_metrics\raster\city_b_lc11.tif" == 42, "h:\esm215\lab4_metrics\raster\city_a_lc11_id8_x1.tif") h:\esm215\lab4_metrics\raster\city_b_lc11_id8_cl42.tif</Process></lineage></DataProperties></Esri></metadata>
