<PAMDataset>
  <PAMRasterBand band="1">
    <Metadata>
      <MDI key="STATISTICS_MINIMUM">18</MDI>
      <MDI key="STATISTICS_MAXIMUM">2892</MDI>
      <MDI key="STATISTICS_MEAN">1279.3928229665</MDI>
      <MDI key="STATISTICS_STDDEV">782.53886509953</MDI>
      <MDI key="STATISTICS_SKIPFACTORX">1</MDI>
      <MDI key="STATISTICS_SKIPFACTORY">1</MDI>
      <MDI key="STATISTICS_EXCLUDEDVALUES"></MDI>
      <MDI key="STATISTICS_COVARIANCES">612367.075391261</MDI>
    </Metadata>
  </PAMRasterBand>
</PAMDataset>
