<PAMDataset>
  <PAMRasterBand band="1">
    <Metadata>
      <MDI key="STATISTICS_MINIMUM">16</MDI>
      <MDI key="STATISTICS_MAXIMUM">1150</MDI>
      <MDI key="STATISTICS_MEAN">696.24603174603</MDI>
      <MDI key="STATISTICS_STDDEV">278.80959778469</MDI>
      <MDI key="STATISTICS_SKIPFACTORX">1</MDI>
      <MDI key="STATISTICS_SKIPFACTORY">1</MDI>
      <MDI key="STATISTICS_EXCLUDEDVALUES"></MDI>
      <MDI key="STATISTICS_COVARIANCES">77734.7918168596</MDI>
    </Metadata>
  </PAMRasterBand>
</PAMDataset>
