code,class,name
0,No Data,na
11,Open Water,water
21,"Developed, Open Space",dev_open
22,"Developed, Low Intensity",dev_low
23,"Developed, Medium Intensity",dev_med
24,"Developed, High Intensity",dev_hi
31,Barren Land (Rock/Sand/Clay),barren
41,Deciduous Forest,forest_decid
42,Evergreen Forest,forest_evergreen
43,Mixed Forest,forest_mixed
52,Shrub/Scrub,scrub_shrub
71,Grassland/Herbaceous,grass
81,Pasture/Hay,pasture
82,Cultivated Crops,crops
90,Woody Wetlands,wetlands_woody
95,Emergent Herbaceous Wetlands,wetlands_herb
