<?xml version="1.0" encoding="UTF-8"?>
<metadata xml:lang="en"><Esri><CreaDate>20150204</CreaDate><CreaTime>18282300</CreaTime><ArcGISFormat>1.0</ArcGISFormat><SyncOnce>TRUE</SyncOnce><DataProperties><lineage><Process Name="ASCII to Raster (2)" ToolSource="c:\program files (x86)\arcgis\desktop10.2\ArcToolbox\Toolboxes\Conversion Tools.tbx\ASCIIToRaster" Date="20150204" Time="182823">ASCIIToRaster H:\esm215\lab5_disturbance\base-fire\ecoregions.ASC H:\esm215\lab5_disturbance\base-fire\ecoregions.img INTEGER</Process></lineage></DataProperties></Esri></metadata>
